
------------------------------------UTILISATEURS-------------------------------
INSERT INTO UTILISATEUR(idUser,login,mot_de_passe,nom,prenom,date_de_naissance,adresse_mail,nationalite,abonne_newsletter) VALUES (1, 'awilson', 'mdp01', 'Abmayr', 'Wilson', to_date('1990-10-05','yyyy-mm-dd'), 'awilson@gmail.com', 'Germany', 'O');

INSERT INTO UTILISATEUR(idUser,login,mot_de_passe,nom,prenom,date_de_naissance,adresse_mail,nationalite)
VALUES (2,'aaho','mdp02','Aho','Anastasio',to_date('1985-01-13','yyyy-mm-dd'),'aho@cs.columbia.edu','Germany');

INSERT INTO UTILISATEUR(idUser,login,mot_de_passe,nom,prenom,date_de_naissance,adresse_mail,nationalite,abonne_newsletter)
VALUES (3,'jhopcroft','mdp03','Hopcroft','Johnson',to_date('1960-07-26','yyyy-mm-dd'),'jeh@cs.cornell.edu','Germany','O');

INSERT INTO UTILISATEUR(idUser,login,mot_de_passe,nom,prenom,date_de_naissance,adresse_mail,nationalite)
VALUES (4,'jullman','mdp04','Ullman','Julius',to_date('1973-05-17','yyyy-mm-dd'),'ullman@cs.stanford.edu','Germany');

INSERT INTO UTILISATEUR(idUser,login,mot_de_passe,nom,prenom,date_de_naissance,adresse_mail,nationalite,abonne_newsletter)
VALUES (5,'sakl','mdp05','Akl','Sara',to_date('1980-06-03','yyyy-mm-dd'),'akl@cs.stanford.edu','France','O');

INSERT INTO UTILISATEUR(idUser,login,mot_de_passe,nom,prenom,date_de_naissance,adresse_mail,nationalite)
VALUES (6,'radams','mdp06','Adams','Ray',to_date('1976-08-21','yyyy-mm-dd'),'radams@gmail.com','France');

INSERT INTO UTILISATEUR(idUser,login,mot_de_passe,nom,prenom,date_de_naissance,adresse_mail,nationalite,abonne_newsletter)
VALUES (7,'lbischof','mdp07','Bischof','Leanne',to_date('1995-9-18','yyyy-mm-dd'),'leanne.bischof@csiro.au','France','O');


insert into UTILISATEUR (idUser, login, mot_de_passe, nom, prenom, date_de_naissance, adresse_mail, nationalite) values (8, 'nlyddiard7', 'N01IrQ', 'Lyddiard', 'Eliès',to_date( '1985-07-16','yyyy-mm-dd'), 'clyddiard7@jigsy.com', 'Germany');
insert into UTILISATEUR (idUser, login, mot_de_passe, nom, prenom, date_de_naissance, adresse_mail, nationalite) values (9, 'glarman8', 'FLsZGLf1xDe', 'Larman', 'Océanne',to_date( '1969-11-20','yyyy-mm-dd'), 'alarman8@squidoo.com', 'Germany');
insert into UTILISATEUR (idUser, login, mot_de_passe, nom, prenom, date_de_naissance, adresse_mail, nationalite) values (10, 'bkastel9', 'j37IauGpHbF3', 'Kastel', 'Pò', to_date('1979-11-26','yyyy-mm-dd'), 'gkastel9@weebly.com', 'Germany');
insert into UTILISATEUR (idUser, login, mot_de_passe, nom, prenom, date_de_naissance, adresse_mail, nationalite) values (11, 'ghoweya', 'OiS4l0bt', 'Howey', 'Léane',to_date( '1970-12-27','yyyy-mm-dd'), 'showeya@linkedin.com', 'Germany');
insert into UTILISATEUR (idUser, login, mot_de_passe, nom, prenom, date_de_naissance, adresse_mail, nationalite) values (12, 'nscanlinb', 'iKib4wF', 'Scanlin', 'Danièle',to_date( '1966-05-25','yyyy-mm-dd'), 'sscanlinb@w3.org', 'Germany');
insert into UTILISATEUR (idUser, login, mot_de_passe, nom, prenom, date_de_naissance, adresse_mail, nationalite) values (13, 'spointingc', 'M5SnzrmF2', 'Pointing', 'Anaël', to_date('1958-06-14','yyyy-mm-dd'), 'mpointingc@businessinsider.com', 'Germany');
insert into UTILISATEUR (idUser, login, mot_de_passe, nom, prenom, date_de_naissance, adresse_mail, nationalite) values (14, 'lvintend', 'okSFAGhavBM', 'Vinten', 'Léana',to_date( '1954-12-07','yyyy-mm-dd'), 'cvintend@upenn.edu', 'Germany');
insert into UTILISATEUR (idUser, login, mot_de_passe, nom, prenom, date_de_naissance, adresse_mail, nationalite) values (15, 'nwinstanleye', 'U9CAyjVC', 'Winstanley', 'Marie-françoise',to_date( '1966-12-27','yyyy-mm-dd'), 'ewinstanleye@last.fm', 'Germany');
insert into UTILISATEUR (idUser, login, mot_de_passe, nom, prenom, date_de_naissance, adresse_mail, nationalite) values (16, 'rchartf', 'nEL82AzF9lcG', 'Chart', 'Mélinda', to_date('1979-04-01','yyyy-mm-dd'), 'schartf@hubpages.com', 'Germany');
insert into UTILISATEUR (idUser, login, mot_de_passe, nom, prenom, date_de_naissance, adresse_mail, nationalite) values (17, 'pmacvayg', 'ppWZZVD1ft', 'MacVay', 'Eloïse', to_date('1988-11-18','yyyy-mm-dd'), 'rmacvayg@techcrunch.com', 'Germany');
insert into UTILISATEUR (idUser, login, mot_de_passe, nom, prenom, date_de_naissance, adresse_mail, nationalite) values (18, 'eickovh', 'lrc2ACbuJb', 'Ickov', 'Lài',to_date( '1970-06-23','yyyy-mm-dd'), 'jickovh@networkadvertising.org', 'Germany');
insert into UTILISATEUR (idUser, login, mot_de_passe, nom, prenom, date_de_naissance, adresse_mail, nationalite) values (19, 'amaywoodi', 'dKQ3WF', 'Maywood', 'Estève',to_date( '1976-07-07','yyyy-mm-dd'), 'cmaywoodi@ameblo.jp', 'Germany');
insert into UTILISATEUR (idUser, login, mot_de_passe, nom, prenom, date_de_naissance, adresse_mail, nationalite) values (20, 'lhacquardj', 'QJeSRzHVSksc', 'Hacquard', 'Nuó', to_date('1958-06-19','yyyy-mm-dd'), 'bhacquardj@slideshare.net', 'Germany');

insert into UTILISATEUR (idUser, login, mot_de_passe, nom, prenom, date_de_naissance, adresse_mail, nationalite) values (21, 'dpolendinek', 'HV8tIe4TR', 'Polendine', 'Uò',to_date( '1981-12-13','yyyy-mm-dd'), 'cpolendinek@ning.com', 'France');
insert into UTILISATEUR (idUser, login, mot_de_passe, nom, prenom, date_de_naissance, adresse_mail, nationalite) values (22, 'kcastell', 'r0i1e4kK0k7', 'Castel', 'Renée', to_date('1981-11-04','yyyy-mm-dd'), 'scastell@shinystat.com', 'France');
insert into UTILISATEUR (idUser, login, mot_de_passe, nom, prenom, date_de_naissance, adresse_mail, nationalite) values (23, 'mcazem', 'VrdYlWjoy', 'Caze', 'Mylène',to_date( '1982-05-01','yyyy-mm-dd'), 'lcazem@bluehost.com', 'France');
insert into UTILISATEUR (idUser, login, mot_de_passe, nom, prenom, date_de_naissance, adresse_mail, nationalite) values (24, 'amcquirkn', 'UAzoOYWU', 'McQuirk', 'Adélie', to_date('1965-03-24','yyyy-mm-dd'), 'hmcquirkn@google.com.hk', 'France');
insert into UTILISATEUR (idUser, login, mot_de_passe, nom, prenom, date_de_naissance, adresse_mail, nationalite) values (25, 'dfeatonbyo', 'vzJVJp5', 'Featonby', 'Léonore', to_date('1963-08-05','yyyy-mm-dd'), 'mfeatonbyo@sfgate.com', 'France');
insert into UTILISATEUR (idUser, login, mot_de_passe, nom, prenom, date_de_naissance, adresse_mail, nationalite) values (26, 'mkaganp', 'iZGDtc4n0bgk', 'Kagan', 'Léonore',to_date( '1951-08-12','yyyy-mm-dd'), 'skaganp@oaic.gov.au', 'France');
insert into UTILISATEUR (idUser, login, mot_de_passe, nom, prenom, date_de_naissance, adresse_mail, nationalite) values (27, 'mhighwoodq', 'opY8uXQbPz9c', 'Highwood', 'Åslög', to_date('1992-07-25','yyyy-mm-dd'), 'mhighwoodq@sitemeter.com', 'France');
insert into UTILISATEUR (idUser, login, mot_de_passe, nom, prenom, date_de_naissance, adresse_mail, nationalite) values (28, 'mbrachellr', 'mHU1flYVj', 'Brachell', 'Liè',to_date( '1964-12-22','yyyy-mm-dd'), 'mbrachellr@twitpic.com', 'France');
insert into UTILISATEUR (idUser, login, mot_de_passe, nom, prenom, date_de_naissance, adresse_mail, nationalite) values (29, 'ahewinss', 'ZJc0P36aBE', 'Hewins', 'Léonie',to_date( '1995-01-20','yyyy-mm-dd'), 'thewinss@wikispaces.com', 'France');
insert into UTILISATEUR (idUser, login, mot_de_passe, nom, prenom, date_de_naissance, adresse_mail, nationalite) values (30, 'isussamst', '86x6NVWRTx', 'Sussams', 'Mélinda',to_date( '1963-06-13','yyyy-mm-dd'), 'ksussamst@vistaprint.com', 'France');
insert into UTILISATEUR (idUser, login, mot_de_passe, nom, prenom, date_de_naissance, adresse_mail, nationalite) values (31, 'cgosnayu', 'RQ1k5mM068L', 'Gosnay', 'Ophélie',to_date( '1968-11-22','yyyy-mm-dd'), 'cgosnayu@wikipedia.org', 'France');
insert into UTILISATEUR (idUser, login, mot_de_passe, nom, prenom, date_de_naissance, adresse_mail, nationalite) values (32, 'jsleitv', 'eNCLBwllPuky', 'Sleit', 'André',to_date( '1958-01-20','yyyy-mm-dd'), 'rsleitv@jigsy.com', 'France');
insert into UTILISATEUR (idUser, login, mot_de_passe, nom, prenom, date_de_naissance, adresse_mail, nationalite) values (33, 'mbradburnw', 'eSj0tV', 'Bradburn', 'Tán',to_date( '1968-11-30','yyyy-mm-dd'), 'fbradburnw@berkeley.edu', 'France');
insert into UTILISATEUR (idUser, login, mot_de_passe, nom, prenom, date_de_naissance, adresse_mail, nationalite) values (34, 'dmallabonx', 'NeJ2F7R', 'Mallabon', 'Léone', to_date('1970-01-01','yyyy-mm-dd'), 'bmallabonx@1und1.de', 'France');
insert into UTILISATEUR (idUser, login, mot_de_passe, nom, prenom, date_de_naissance, adresse_mail, nationalite) values (35, 'hscaddeny', 'I5T8w2iC4', 'Scadden', 'Håkan', to_date('1967-01-19','yyyy-mm-dd'), 'dscaddeny@java.com', 'France');

insert into UTILISATEUR (idUser, login, mot_de_passe, nom, prenom, date_de_naissance, adresse_mail, nationalite) values (36, 'tcrowcroft0', '1LvdTEyAY', 'Crowcroft', 'Märta', to_date('1987-05-11','yyyy-mm-dd'), 'jcrowcroft0@homestead.com', 'Ukraine');
insert into UTILISATEUR (idUser, login, mot_de_passe, nom, prenom, date_de_naissance, adresse_mail, nationalite) values (37, 'zhacun1', 'zTOYCmU7', 'Hacun', 'Eugénie', to_date('1982-11-30','yyyy-mm-dd'), 'whacun1@blogger.com', 'Honduras');
insert into UTILISATEUR (idUser, login, mot_de_passe, nom, prenom, date_de_naissance, adresse_mail, nationalite) values (38, 'kchatelet2', 'xCplFjyuI', 'Chatelet', 'Yú',to_date( '1978-01-05','yyyy-mm-dd'), 'dchatelet2@smh.com.au', 'Indonesia');
insert into UTILISATEUR (idUser, login, mot_de_passe, nom, prenom, date_de_naissance, adresse_mail, nationalite) values (39, 'jpaschke3', 'U3yKCs', 'Paschke', 'Anaé', to_date('1981-03-16','yyyy-mm-dd'), 'kpaschke3@nhs.uk', 'Czech Republic');
insert into UTILISATEUR (idUser, login, mot_de_passe, nom, prenom, date_de_naissance, adresse_mail, nationalite) values (40, 'afries4', 'BNua2os6', 'Fries', 'Gaïa',to_date( '1985-11-21','yyyy-mm-dd'), 'mfries4@amazonaws.com', 'Philippines');
insert into UTILISATEUR (idUser, login, mot_de_passe, nom, prenom, date_de_naissance, adresse_mail, nationalite) values (41, 'eingerfield5', 'WqlL6yEW', 'Ingerfield', 'Léonore',to_date( '2001-11-12','yyyy-mm-dd'), 'ringerfield5@cargocollective.com', 'China');
insert into UTILISATEUR (idUser, login, mot_de_passe, nom, prenom, date_de_naissance, adresse_mail, nationalite) values (42, 'cshipton6', 'D84i3bbdR12', 'Shipton', 'Nélie',to_date( '1955-05-05','yyyy-mm-dd'), 'bshipton6@woothemes.com', 'Colombia');
insert into UTILISATEUR (idUser, login, mot_de_passe, nom, prenom, date_de_naissance, adresse_mail, nationalite) values (43, 'msarver7', '1TtwmXgpjQI', 'Sarver', 'Nuó',to_date( '1988-03-03','yyyy-mm-dd'), 'nsarver7@weather.com', 'Philippines');
insert into UTILISATEUR (idUser, login, mot_de_passe, nom, prenom, date_de_naissance, adresse_mail, nationalite) values (44, 'amccaffery8', 'mE4VaI91b', 'McCaffery', 'Intéressant', to_date('1950-04-06','yyyy-mm-dd'), 'cmccaffery8@lycos.com', 'China');
insert into UTILISATEUR (idUser, login, mot_de_passe, nom, prenom, date_de_naissance, adresse_mail, nationalite) values (45, 'sfries9', 'FxJ3UKV', 'Fries', 'Gérald', to_date('1972-06-10','yyyy-mm-dd'), 'afries9@slashdot.org', 'Czech Republic');
insert into UTILISATEUR (idUser, login, mot_de_passe, nom, prenom, date_de_naissance, adresse_mail, nationalite) values (46, 'eslota', 'ZnfyC4', 'Slot', 'Åke', to_date('1962-03-04','yyyy-mm-dd'), 'eslota@biglobe.ne.jp', 'Georgia');
insert into UTILISATEUR (idUser, login, mot_de_passe, nom, prenom, date_de_naissance, adresse_mail, nationalite) values (47, 'rgreasonb', 'KqgUbnRcV', 'Greason', 'Geneviève',to_date( '1962-07-24','yyyy-mm-dd'), 'fgreasonb@issuu.com', 'Philippines');
insert into UTILISATEUR (idUser, login, mot_de_passe, nom, prenom, date_de_naissance, adresse_mail, nationalite) values (48, 'rtwiddlec', 'm0eYokngEP', 'Twiddle', 'Eléa',to_date( '2001-10-31','yyyy-mm-dd'), 'stwiddlec@mediafire.com', 'Russia');
insert into UTILISATEUR (idUser, login, mot_de_passe, nom, prenom, date_de_naissance, adresse_mail, nationalite) values (49, 'dcurrmd', 'Vj4AACJPR', 'Currm', 'Andréanne',to_date( '1971-06-16','yyyy-mm-dd'), 'acurrmd@gizmodo.com', 'Indonesia');
insert into UTILISATEUR (idUser, login, mot_de_passe, nom, prenom, date_de_naissance, adresse_mail, nationalite) values (50, 'kcramptone', 'OyTNz6utVSiT', 'Crampton', 'Lén', to_date('1996-03-24','yyyy-mm-dd'), 'acramptone@nymag.com', 'France');
insert into UTILISATEUR (idUser, login, mot_de_passe, nom, prenom, date_de_naissance, adresse_mail, nationalite) values (51, 'kelvinf', '2MWHwn', 'Elvin', 'Esbjörn',to_date( '1956-07-09','yyyy-mm-dd'), 'aelvinf@sitemeter.com', 'France');
insert into UTILISATEUR (idUser, login, mot_de_passe, nom, prenom, date_de_naissance, adresse_mail, nationalite) values (52, 'mmcalarneyg', 'KCOk2Nmj', 'McAlarney', 'Océanne', to_date('1976-11-12','yyyy-mm-dd'), 'gmcalarneyg@spotify.com', 'France');
insert into UTILISATEUR (idUser, login, mot_de_passe, nom, prenom, date_de_naissance, adresse_mail, nationalite) values (53, 'jdoranh', 'XlUYx9', 'Doran', 'Estée',to_date( '1976-11-11','yyyy-mm-dd'), 'bdoranh@timesonline.co.uk', 'Portugal');
insert into UTILISATEUR (idUser, login, mot_de_passe, nom, prenom, date_de_naissance, adresse_mail, nationalite) values (54, 'fjakubiaki', '3yy2Ysw3V', 'Jakubiak', 'Séréna', to_date('1953-05-24','yyyy-mm-dd'), 'ajakubiaki@bloomberg.com', 'Vietnam');
insert into UTILISATEUR (idUser, login, mot_de_passe, nom, prenom, date_de_naissance, adresse_mail, nationalite) values (55, 'haickenj', 'UqChQeGKvQa', 'Aicken', 'Athéna', to_date('1969-03-31','yyyy-mm-dd'), 'aaickenj@wsj.com', 'Colombia');

COMMIT;

------------------------------------CATEGORIES----------------------------------
INSERT INTO CATEGORIE(idCategorie,nomCategorie) VALUES (1,'Comedie');
INSERT INTO CATEGORIE(idCategorie,nomCategorie) VALUES (2,'Drame');
INSERT INTO CATEGORIE(idCategorie,nomCategorie) VALUES (3,'Policier');
INSERT INTO CATEGORIE(idCategorie,nomCategorie) VALUES (4,'SciFiction');
INSERT INTO CATEGORIE(idCategorie,nomCategorie) VALUES (5,'Romantique');
INSERT INTO CATEGORIE(idCategorie,nomCategorie) VALUES (6,'Historique');
INSERT INTO CATEGORIE(idCategorie,nomCategorie) VALUES (7,'Thriller');
INSERT INTO CATEGORIE(idCategorie,nomCategorie) VALUES (8,'Culture');

COMMIT;

---------------------------------EMISSIONS---------------------------------------
INSERT INTO EMISSION(idEmission,nomEmission,idCategorie,nbEpisodes) VALUES (1,'Game of Thrones Season 1',6,10);
INSERT INTO EMISSION(idEmission,nomEmission,idCategorie,nbEpisodes) VALUES (2,'V for Vendetta',2,1);
INSERT INTO EMISSION(idEmission,nomEmission,idCategorie,nbEpisodes) VALUES (3,'UP',1,1);
INSERT INTO EMISSION(idEmission,nomEmission,idCategorie,nbEpisodes) VALUES (4,'Rick and Morty Season 1',4,11);
INSERT INTO EMISSION(idEmission,nomEmission,idCategorie,nbEpisodes)
VALUES (5, 'La casa de Papel',3,15);

COMMIT;

-------------------------------------VIDEOS----------------------------------------
INSERT INTO VIDEO(idEmission,idVideo,nomVideo,descript,duree,anneepremierediff,pays,multilangue) VALUES (1,1,'Winter is Coming','Chapitre 1 de la saison 1',60,2011,'USA','O');
INSERT INTO VIDEO(idEmission,idVideo,nomVideo,descript,duree,anneepremierediff,pays,multilangue) VALUES (1,2,'The Kingsroad','Chapitre 2 de la saison 1',62,2011,'USA','O');
INSERT INTO VIDEO(idEmission,idVideo,nomVideo,descript,duree,anneepremierediff,pays,multilangue) VALUES (1,3,'Lord Snow','Chapitre 3 de la saison 1',65,2011,'USA','O');
INSERT INTO VIDEO(idEmission,idVideo,nomVideo,descript,duree,anneepremierediff,pays,multilangue) VALUES (1,4,'Cripples, Bastards and Broken Things','Chapitre 4 de la saison 1',68,2011,'USA','O');

INSERT INTO VIDEO(idEmission,idVideo,nomVideo,descript,duree,anneepremierediff,pays,multilangue) VALUES (2,11,'V for Vendetta (Film)','Film bassé sur le comic homonime',132,2005,'USA','O');

INSERT INTO VIDEO(idEmission,idVideo,nomVideo,descript,duree,anneepremierediff,pays,multilangue) VALUES (3,12,'UP (Film)','Film sur le vieux qui met des ballons dans son toit pour que sa maison s envole',93,2009,'FR','O');

INSERT INTO VIDEO(idEmission,idVideo,nomVideo,descript,duree,anneepremierediff,pays) VALUES (4,13,'Pilot','Chapitre 1 de la saison 1',21,2013,'USA');
INSERT INTO VIDEO(idEmission,idVideo,nomVideo,descript,duree,anneepremierediff,pays) VALUES (4,14,'Lawnmower Dog','Chapitre 2 de la saison 1',22,2013,'USA');
INSERT INTO VIDEO(idEmission,idVideo,nomVideo,descript,duree,anneepremierediff,pays) VALUES (4,15,'Anatomy Park','Chapitre 3 de la saison 1',23,2013,'USA');
INSERT INTO VIDEO(idEmission,idVideo,nomVideo,descript,duree,anneepremierediff,pays) VALUES (4,16,'M. Night Shaym-aliens!','Chapitre 4 de la saison 1',22,2013,'USA');
INSERT INTO VIDEO(idEmission,idVideo,nomVideo,descript,duree,anneepremierediff,pays) VALUES (4,17,'Meeseks and Destroy','Chapitre 5 de la saison 1',21,2014,'USA');
INSERT INTO VIDEO(idEmission,idVideo,nomVideo,descript,duree,anneepremierediff,pays) VALUES (4,18,'Rick Potion #9','Chapitre 6 de la saison 1',20,2014,'USA');
INSERT INTO VIDEO(idEmission,idVideo,nomVideo,descript,duree,anneepremierediff,pays) VALUES (4,19,'Raising Gazorpazorg','Chapitre 7 de la saison 1',22,2014,'USA');

INSERT INTO VIDEO(idEmission,idVideo,nomVideo,descript,duree,anneepremierediff,pays) VALUES (5,24,'Efectuar lo acordado','Episodio 1 de la temporada 1',50,2017,'España');
INSERT INTO VIDEO(idEmission,idVideo,nomVideo,descript,duree,anneepremierediff,pays) VALUES (5,25,'Imprudencias letales','Episodio 2 de la temporada 1',49,2017,'España');
INSERT INTO VIDEO(idEmission,idVideo,nomVideo,descript,duree,anneepremierediff,pays) VALUES (5,26,'Errar al disparar','Episodio 3 de la temporada 1',51,2017,'España');
INSERT INTO VIDEO(idEmission,idVideo,nomVideo,descript,duree,anneepremierediff,pays) VALUES (5,27,'Caballo de Troya','Episodio 4 de la temporada 1',47,2017,'España');
INSERT INTO VIDEO(idEmission,idVideo,nomVideo,descript,duree,anneepremierediff,pays) VALUES (5,28,'El dia de la marmota','Episodio 5 de la temporada 1',54,2017,'España');
INSERT INTO VIDEO(idEmission,idVideo,nomVideo,descript,duree,anneepremierediff,pays) VALUES (5,29,'La cálida guerra fría','Episodio 6 de la temporada 1',50,2017,'España');
INSERT INTO VIDEO(idEmission,idVideo,nomVideo,descript,duree,anneepremierediff,pays) VALUES (5,30,'Refrigerada inestabilidad','Episodio 7 de la temporada 1',56,2017,'España');

COMMIT;

---------------------------------VIDEOS EMISSIONS-----------------------------
INSERT INTO VIDEO_EMISSION(idEmission,idVideo) VALUES(1,1);
INSERT INTO VIDEO_EMISSION(idEmission,idVideo) VALUES(1,2);
INSERT INTO VIDEO_EMISSION(idEmission,idVideo) VALUES(1,3);
INSERT INTO VIDEO_EMISSION(idEmission,idVideo) VALUES(1,4);
INSERT INTO VIDEO_EMISSION(idEmission,idVideo) VALUES(2,11);
INSERT INTO VIDEO_EMISSION(idEmission,idVideo) VALUES(3,12);
INSERT INTO VIDEO_EMISSION(idEmission,idVideo) VALUES(4,13);
INSERT INTO VIDEO_EMISSION(idEmission,idVideo) VALUES(4,14);
INSERT INTO VIDEO_EMISSION(idEmission,idVideo) VALUES(4,15);
INSERT INTO VIDEO_EMISSION(idEmission,idVideo) VALUES(4,16);
INSERT INTO VIDEO_EMISSION(idEmission,idVideo) VALUES(4,17);
INSERT INTO VIDEO_EMISSION(idEmission,idVideo) VALUES(4,18);
INSERT INTO VIDEO_EMISSION(idEmission,idVideo) VALUES(4,19);
INSERT INTO VIDEO_EMISSION(idEmission,idVideo) VALUES(5,24);
INSERT INTO VIDEO_EMISSION(idEmission,idVideo) VALUES(5,25);
INSERT INTO VIDEO_EMISSION(idEmission,idVideo) VALUES(5,26);
INSERT INTO VIDEO_EMISSION(idEmission,idVideo) VALUES(5,27);
INSERT INTO VIDEO_EMISSION(idEmission,idVideo) VALUES(5,28);
INSERT INTO VIDEO_EMISSION(idEmission,idVideo) VALUES(5,29);
INSERT INTO VIDEO_EMISSION(idEmission,idVideo) VALUES(5,30);
COMMIT;

---------------------------------VIDEOS FAVORIS---------------------------------
INSERT INTO USER_FAVORIS_VIDEO(idUser,idVideo) VALUES (1,13);
INSERT INTO USER_FAVORIS_VIDEO(idUser,idVideo) VALUES (1,14);
INSERT INTO USER_FAVORIS_VIDEO(idUser,idVideo) VALUES (1,15);
INSERT INTO USER_FAVORIS_VIDEO(idUser,idVideo) VALUES (1,1);
INSERT INTO USER_FAVORIS_VIDEO(idUser,idVideo) VALUES (1,2);

INSERT INTO USER_FAVORIS_VIDEO(idUser,idVideo) VALUES (2,11);
INSERT INTO USER_FAVORIS_VIDEO(idUser,idVideo) VALUES (2,12);

INSERT INTO USER_FAVORIS_VIDEO(idUser,idVideo) VALUES (3,1);
INSERT INTO USER_FAVORIS_VIDEO(idUser,idVideo) VALUES (3,2);
INSERT INTO USER_FAVORIS_VIDEO(idUser,idVideo) VALUES (3,3);
INSERT INTO USER_FAVORIS_VIDEO(idUser,idVideo) VALUES (3,15);
INSERT INTO USER_FAVORIS_VIDEO(idUser,idVideo) VALUES (3,18);

INSERT INTO USER_FAVORIS_VIDEO(idUser,idVideo) VALUES (5,1);
INSERT INTO USER_FAVORIS_VIDEO(idUser,idVideo) VALUES (5,11);
INSERT INTO USER_FAVORIS_VIDEO(idUser,idVideo) VALUES (5,15);
INSERT INTO USER_FAVORIS_VIDEO(idUser,idVideo) VALUES (5,17);

INSERT INTO USER_FAVORIS_VIDEO(idUser,idVideo) VALUES (6,1);
INSERT INTO USER_FAVORIS_VIDEO(idUser,idVideo) VALUES (6,15);
INSERT INTO USER_FAVORIS_VIDEO(idUser,idVideo) VALUES (6,12);
INSERT INTO USER_FAVORIS_VIDEO(idUser,idVideo) VALUES (6,2);

INSERT INTO USER_FAVORIS_VIDEO(idUser,idVideo) VALUES (7,15);
INSERT INTO USER_FAVORIS_VIDEO(idUser,idVideo) VALUES (7,11);

--------------------------------------ABONNEMENTS EMISSIONS-------------------------------
INSERT INTO USER_ABONNE_EMISSION(idUser,idEmission) VALUES (1,1);
INSERT INTO USER_ABONNE_EMISSION(idUser,idEmission) VALUES (1,3);
INSERT INTO USER_ABONNE_EMISSION(idUser,idEmission) VALUES (2,2);
INSERT INTO USER_ABONNE_EMISSION(idUser,idEmission) VALUES (3,3);
INSERT INTO USER_ABONNE_EMISSION(idUser,idEmission) VALUES (3,5);
INSERT INTO USER_ABONNE_EMISSION(idUser,idEmission) VALUES (4,5);
INSERT INTO USER_ABONNE_EMISSION(idUser,idEmission) VALUES (5,2);
INSERT INTO USER_ABONNE_EMISSION(idUser,idEmission) VALUES (5,3);
INSERT INTO USER_ABONNE_EMISSION(idUser,idEmission) VALUES (6,4);
INSERT INTO USER_ABONNE_EMISSION(idUser,idEmission) VALUES (7,2);
INSERT INTO USER_ABONNE_EMISSION(idUser,idEmission) VALUES (7,5);

--------------------------------------CATEGORIES AIME-------------------------------------
INSERT INTO USER_AIME_CATEGORIE(idUser,idCategorie) VALUES (1,1);
INSERT INTO USER_AIME_CATEGORIE(idUser,idCategorie) VALUES (1,6);
INSERT INTO USER_AIME_CATEGORIE(idUser,idCategorie) VALUES (2,2);
INSERT INTO USER_AIME_CATEGORIE(idUser,idCategorie) VALUES (3,1);
INSERT INTO USER_AIME_CATEGORIE(idUser,idCategorie) VALUES (3,3);
INSERT INTO USER_AIME_CATEGORIE(idUser,idCategorie) VALUES (4,3);
INSERT INTO USER_AIME_CATEGORIE(idUser,idCategorie) VALUES (5,1);
INSERT INTO USER_AIME_CATEGORIE(idUser,idCategorie) VALUES (5,2);
INSERT INTO USER_AIME_CATEGORIE(idUser,idCategorie) VALUES (6,4);
INSERT INTO USER_AIME_CATEGORIE(idUser,idCategorie) VALUES (7,2);
INSERT INTO USER_AIME_CATEGORIE(idUser,idCategorie) VALUES (7,3);
COMMIT;

-------------------------------------HISTORIQUE--------------------------------------------
INSERT INTO HISTORIQUE(idUser,idEmission,IdVideo,dateRep) VALUES (1,1,1,sysdate-1);
INSERT INTO HISTORIQUE(idUser,idEmission,IdVideo,dateRep) VALUES (1,1,2,sysdate-2);
INSERT INTO HISTORIQUE(idUser,idEmission,IdVideo,dateRep) VALUES (1,3,12,sysdate-3);
INSERT INTO HISTORIQUE(idUser,idEmission,IdVideo,dateRep) VALUES (1,5,24,sysdate-1);
INSERT INTO HISTORIQUE(idUser,idEmission,IdVideo,dateRep) VALUES (1,5,25,sysdate-2);
INSERT INTO HISTORIQUE(idUser,idEmission,IdVideo,dateRep) VALUES (1,5,26,sysdate-3);
INSERT INTO HISTORIQUE(idUser,idEmission,IdVideo,dateRep) VALUES (1,5,27,sysdate-4);
INSERT INTO HISTORIQUE(idUser,idEmission,IdVideo,dateRep) VALUES (1,5,30,sysdate-5);
INSERT INTO HISTORIQUE(idUser,idEmission,IdVideo,dateRep) VALUES (1,5,29,sysdate-1);


INSERT INTO HISTORIQUE(idUser,idEmission,IdVideo,dateRep) VALUES (2,1,1,sysdate-1);
INSERT INTO HISTORIQUE(idUser,idEmission,IdVideo,dateRep) VALUES (2,1,2,sysdate-2);
INSERT INTO HISTORIQUE(idUser,idEmission,IdVideo,dateRep) VALUES (2,3,12,sysdate-3);
INSERT INTO HISTORIQUE(idUser,idEmission,IdVideo,dateRep) VALUES (2,5,24,sysdate-4);
INSERT INTO HISTORIQUE(idUser,idEmission,IdVideo,dateRep) VALUES (2,5,25,sysdate-5);
INSERT INTO HISTORIQUE(idUser,idEmission,IdVideo,dateRep) VALUES (2,5,26,sysdate-1);
INSERT INTO HISTORIQUE(idUser,idEmission,IdVideo,dateRep) VALUES (2,5,27,sysdate-3);

COMMIT;

INSERT INTO HISTORIQUE(idUser,idEmission,IdVideo,dateRep) VALUES (2,2,11,to_date('01/12/2020','dd/mm/yyyy'));
INSERT INTO HISTORIQUE(idUser,idEmission,IdVideo,dateRep) VALUES (2,3,13,to_date('01/12/2020','dd/mm/yyyy'));
INSERT INTO HISTORIQUE(idUser,idEmission,IdVideo,dateRep) VALUES (2,5,25,to_date('08/12/2020','dd/mm/yyyy'));

INSERT INTO HISTORIQUE(idUser,idEmission,IdVideo,dateRep) VALUES (3,3,12,to_date('05/12/2020','dd/mm/yyyy'));
INSERT INTO HISTORIQUE(idUser,idEmission,IdVideo,dateRep) VALUES (3,5,25,to_date('11/12/2020','dd/mm/yyyy'));

INSERT INTO HISTORIQUE(idUser,idEmission,IdVideo,dateRep) VALUES (4,3,12,to_date('09/12/2020','dd/mm/yyyy'));
INSERT INTO HISTORIQUE(idUser,idEmission,IdVideo,dateRep) VALUES (4,5,25,to_date('06/12/2020','dd/mm/yyyy'));

INSERT INTO HISTORIQUE(idUser,idEmission,IdVideo,dateRep) VALUES (5,3,12,to_date('03/12/2020','dd/mm/yyyy'));
INSERT INTO HISTORIQUE(idUser,idEmission,IdVideo,dateRep) VALUES (5,5,25,to_date('12/12/2020','dd/mm/yyyy'));

INSERT INTO HISTORIQUE(idUser,idEmission,IdVideo,dateRep) VALUES (6,3,12,to_date('06/12/2020','dd/mm/yyyy'));
INSERT INTO HISTORIQUE(idUser,idEmission,IdVideo,dateRep) VALUES (6,5,25,to_date('10/12/2020','dd/mm/yyyy'));

INSERT INTO HISTORIQUE(idUser,idEmission,IdVideo,dateRep) VALUES (7,3,12,to_date('01/12/2020','dd/mm/yyyy'));
INSERT INTO HISTORIQUE(idUser,idEmission,IdVideo,dateRep) VALUES (7,5,25,to_date('03/12/2020','dd/mm/yyyy'));

-------------------------------------VIDEO DISPONIBILITE--------------------------------------------
INSERT INTO VIDEO_NEW_DISPONIBILITE(idVideo,dateSortie) VALUES (25,to_date('2020-12-18 08:44:58','YYYY-MM-DD HH24:MI:SS'));
INSERT INTO VIDEO_NEW_DISPONIBILITE(idVideo,dateSortie) VALUES (2,to_date('2020-12-21 00:43:07','YYYY-MM-DD HH24:MI:SS'));
INSERT INTO VIDEO_NEW_DISPONIBILITE(idVideo,dateSortie) VALUES (12,to_date('2020-12-16 12:00:44','YYYY-MM-DD HH24:MI:SS'));
INSERT INTO VIDEO_NEW_DISPONIBILITE(idVideo,dateSortie) VALUES(4,to_date('2020-12-20 06:04:10','YYYY-MM-DD HH24:MI:SS'));
INSERT INTO VIDEO_NEW_DISPONIBILITE(idVideo,dateSortie) VALUES(28,to_date('2020-12-17 19:08:21','YYYY-MM-DD HH24:MI:SS'));
INSERT INTO VIDEO_NEW_DISPONIBILITE(idVideo,dateSortie) VALUES(15,to_date('2020-12-16 22:09:51','YYYY-MM-DD HH24:MI:SS'));
INSERT INTO VIDEO_NEW_DISPONIBILITE(idVideo,dateSortie) VALUES(29,to_date('2020-12-17 10:48:19','YYYY-MM-DD HH24:MI:SS'));
INSERT INTO VIDEO_NEW_DISPONIBILITE(idVideo,dateSortie) VALUES(30,to_date('2020-12-12 07:48:02','YYYY-MM-DD HH24:MI:SS'));
INSERT INTO VIDEO_NEW_DISPONIBILITE(idVideo,dateSortie) VALUES(24,to_date('2020-12-17 11:34:01','YYYY-MM-DD HH24:MI:SS'));
INSERT INTO VIDEO_NEW_DISPONIBILITE(idVideo,dateSortie) VALUES(19,to_date('2020-12-21 15:23:54','YYYY-MM-DD HH24:MI:SS'));

INSERT INTO VIDEO_END_DISPONIBILITE(idVideo,dateFin) VALUES (25,to_date('2020-12-14 08:44:58','YYYY-MM-DD HH24:MI:SS'));
INSERT INTO VIDEO_END_DISPONIBILITE(idVideo,dateFin) VALUES (2,to_date('2020-12-15 00:43:07','YYYY-MM-DD HH24:MI:SS'));
INSERT INTO VIDEO_END_DISPONIBILITE(idVideo,dateFin) VALUES (12,to_date('2020-12-16 12:00:44','YYYY-MM-DD HH24:MI:SS'));
INSERT INTO VIDEO_END_DISPONIBILITE(idVideo,dateFin) VALUES(4,to_date('2020-12-14 06:04:10','YYYY-MM-DD HH24:MI:SS'));
INSERT INTO VIDEO_END_DISPONIBILITE(idVideo,dateFin) VALUES(28,to_date('2020-12-15 19:08:21','YYYY-MM-DD HH24:MI:SS'));
INSERT INTO VIDEO_END_DISPONIBILITE(idVideo,dateFin) VALUES(15,to_date('2020-12-16 22:09:51','YYYY-MM-DD HH24:MI:SS'));
INSERT INTO VIDEO_END_DISPONIBILITE(idVideo,dateFin) VALUES(29,to_date('2020-12-17 10:48:19','YYYY-MM-DD HH24:MI:SS'));
INSERT INTO VIDEO_END_DISPONIBILITE(idVideo,dateFin) VALUES(30,to_date('2020-12-14 07:48:02','YYYY-MM-DD HH24:MI:SS'));
INSERT INTO VIDEO_END_DISPONIBILITE(idVideo,dateFin) VALUES(24,to_date('2020-12-15 11:34:01','YYYY-MM-DD HH24:MI:SS'));
INSERT INTO VIDEO_END_DISPONIBILITE(idVideo,dateFin) VALUES(19,to_date('2020-12-21 15:23:54','YYYY-MM-DD HH24:MI:SS'));

COMMIT;
